{
  "0": {
    "precision": 0.9403973509933775,
    "recall": 0.3120879120879121,
    "f1-score": 0.46864686468646866,
    "support": 4550.0
  },
  "1": {
    "precision": 0.12813370473537605,
    "recall": 0.8363636363636363,
    "f1-score": 0.2222222222222222,
    "support": 550.0
  },
  "accuracy": 0.3686274509803922,
  "macro avg": {
    "precision": 0.5342655278643768,
    "recall": 0.5742257742257741,
    "f1-score": 0.34543454345434543,
    "support": 5100.0
  },
  "weighted avg": {
    "precision": 0.8528002911028085,
    "recall": 0.3686274509803922,
    "f1-score": 0.44207165814620675,
    "support": 5100.0
  }
}