,precision,recall,f1-score,support
0,0.9403973509933775,0.3120879120879121,0.46864686468646866,4550.0
1,0.12813370473537605,0.8363636363636363,0.2222222222222222,550.0
accuracy,0.3686274509803922,0.3686274509803922,0.3686274509803922,0.3686274509803922
macro avg,0.5342655278643768,0.5742257742257741,0.34543454345434543,5100.0
weighted avg,0.8528002911028085,0.3686274509803922,0.44207165814620675,5100.0
