{
  "0": {
    "precision": 0.9537037037037037,
    "recall": 0.22637362637362637,
    "f1-score": 0.36589698046181174,
    "support": 4550.0
  },
  "1": {
    "precision": 0.12437810945273632,
    "recall": 0.9090909090909091,
    "f1-score": 0.2188183807439825,
    "support": 550.0
  },
  "accuracy": 0.3,
  "macro avg": {
    "precision": 0.53904090657822,
    "recall": 0.5677322677322677,
    "f1-score": 0.29235768060289713,
    "support": 5100.0
  },
  "weighted avg": {
    "precision": 0.8642666298138936,
    "recall": 0.3,
    "f1-score": 0.35003556284518306,
    "support": 5100.0
  }
}