,precision,recall,f1-score,support
0,0.9537037037037037,0.22637362637362637,0.36589698046181174,4550.0
1,0.12437810945273632,0.9090909090909091,0.2188183807439825,550.0
accuracy,0.3,0.3,0.3,0.3
macro avg,0.53904090657822,0.5677322677322677,0.29235768060289713,5100.0
weighted avg,0.8642666298138936,0.3,0.35003556284518306,5100.0
